,acousticness,analysis_url,danceability,duration_ms,energy,id,instrumentalness,key,liveness,loudness,mode,speechiness,tempo,time_signature,track_href,type,uri,valence
0,0.00265,https://api.spotify.com/v1/audio-analysis/6CJypZai1Sqyqmyopm0u4u,0.66,234353,0.938,6CJypZai1Sqyqmyopm0u4u,0.00785,10,0.125,-4.334,0,0.0488,130.005,4,https://api.spotify.com/v1/tracks/6CJypZai1Sqyqmyopm0u4u,audio_features,spotify:track:6CJypZai1Sqyqmyopm0u4u,0.443
1,0.695,https://api.spotify.com/v1/audio-analysis/0f5N14nB8xi0p3o4BlVvbx,0.473,356707,0.574,0f5N14nB8xi0p3o4BlVvbx,0.0,11,0.509,-8.189,0,0.032,74.056,4,https://api.spotify.com/v1/tracks/0f5N14nB8xi0p3o4BlVvbx,audio_features,spotify:track:0f5N14nB8xi0p3o4BlVvbx,0.499
2,0.00424,https://api.spotify.com/v1/audio-analysis/3AhEF2J0fy33PdGYEkzqm2,0.519,271933,0.971,3AhEF2J0fy33PdGYEkzqm2,6.26e-06,7,0.651,-3.403,1,0.0977,138.059,4,https://api.spotify.com/v1/tracks/3AhEF2J0fy33PdGYEkzqm2,audio_features,spotify:track:3AhEF2J0fy33PdGYEkzqm2,0.49
3,0.00596,https://api.spotify.com/v1/audio-analysis/2KhEVY9OrCbk1SqmYpVWhH,0.566,219400,0.849,2KhEVY9OrCbk1SqmYpVWhH,2.29e-06,2,0.115,-6.575,0,0.0447,98.996,4,https://api.spotify.com/v1/tracks/2KhEVY9OrCbk1SqmYpVWhH,audio_features,spotify:track:2KhEVY9OrCbk1SqmYpVWhH,0.402
4,0.0067,https://api.spotify.com/v1/audio-analysis/2KVwlelhxKUy8LVV6JypH3,0.42,238667,0.672,2KVwlelhxKUy8LVV6JypH3,0.0,6,0.108,-7.902,1,0.027,168.019,4,https://api.spotify.com/v1/tracks/2KVwlelhxKUy8LVV6JypH3,audio_features,spotify:track:2KVwlelhxKUy8LVV6JypH3,0.476
5,0.00552,https://api.spotify.com/v1/audio-analysis/5GorCbAP4aL0EJ16frG2hd,0.496,262333,0.682,5GorCbAP4aL0EJ16frG2hd,2.94e-05,8,0.0589,-4.095,1,0.0294,167.06,4,https://api.spotify.com/v1/tracks/5GorCbAP4aL0EJ16frG2hd,audio_features,spotify:track:5GorCbAP4aL0EJ16frG2hd,0.474
6,0.333,https://api.spotify.com/v1/audio-analysis/3f5rOhrNLYP53c9RcPfp02,0.595,219960,0.32,3f5rOhrNLYP53c9RcPfp02,7.06e-05,7,0.34,-9.494,1,0.0272,143.565,4,https://api.spotify.com/v1/tracks/3f5rOhrNLYP53c9RcPfp02,audio_features,spotify:track:3f5rOhrNLYP53c9RcPfp02,0.239
7,0.00183,https://api.spotify.com/v1/audio-analysis/2FZ0yrA5aPClG5ZPBlV7n4,0.362,304787,0.6,2FZ0yrA5aPClG5ZPBlV7n4,0.0426,2,0.0814,-12.285,1,0.0463,148.462,4,https://api.spotify.com/v1/tracks/2FZ0yrA5aPClG5ZPBlV7n4,audio_features,spotify:track:2FZ0yrA5aPClG5ZPBlV7n4,0.658
8,0.621,https://api.spotify.com/v1/audio-analysis/0k0BQTVVAcufuV6G2u8Rc8,0.416,243947,0.318,0k0BQTVVAcufuV6G2u8Rc8,9.85e-06,11,0.104,-8.317,0,0.0277,83.953,4,https://api.spotify.com/v1/tracks/0k0BQTVVAcufuV6G2u8Rc8,audio_features,spotify:track:0k0BQTVVAcufuV6G2u8Rc8,0.329
9,0.683,https://api.spotify.com/v1/audio-analysis/3iX0BMs9dX9CsgrHhiB173,0.664,208467,0.634,3iX0BMs9dX9CsgrHhiB173,3.34e-05,2,0.221,-6.348,1,0.0349,93.914,4,https://api.spotify.com/v1/tracks/3iX0BMs9dX9CsgrHhiB173,audio_features,spotify:track:3iX0BMs9dX9CsgrHhiB173,0.666
10,0.545,https://api.spotify.com/v1/audio-analysis/24m5vklX7lGxNA75IGafuu,0.513,277133,0.552,24m5vklX7lGxNA75IGafuu,0.0,7,0.14,-7.931,1,0.0494,135.728,4,https://api.spotify.com/v1/tracks/24m5vklX7lGxNA75IGafuu,audio_features,spotify:track:24m5vklX7lGxNA75IGafuu,0.34
11,0.106,https://api.spotify.com/v1/audio-analysis/1OH2mcqlTL1iUqsZ5b4vwe,0.59,133920,0.699,1OH2mcqlTL1iUqsZ5b4vwe,0.0,2,0.0898,-9.276,1,0.0845,91.043,4,https://api.spotify.com/v1/tracks/1OH2mcqlTL1iUqsZ5b4vwe,audio_features,spotify:track:1OH2mcqlTL1iUqsZ5b4vwe,0.779
12,0.000354,https://api.spotify.com/v1/audio-analysis/06UVb2bREPv8hvioVkaMvC,0.619,226400,0.723,06UVb2bREPv8hvioVkaMvC,0.646,4,0.163,-11.836,0,0.11,104.04,4,https://api.spotify.com/v1/tracks/06UVb2bREPv8hvioVkaMvC,audio_features,spotify:track:06UVb2bREPv8hvioVkaMvC,0.492
13,0.254,https://api.spotify.com/v1/audio-analysis/1mIpDPCehnf3EPk6J4ZCUF,0.888,203680,0.739,1mIpDPCehnf3EPk6J4ZCUF,0.0,6,0.0916,-2.941,1,0.388,94.031,4,https://api.spotify.com/v1/tracks/1mIpDPCehnf3EPk6J4ZCUF,audio_features,spotify:track:1mIpDPCehnf3EPk6J4ZCUF,0.803
14,0.371,https://api.spotify.com/v1/audio-analysis/2hKfSFxrVENktJn23X0T1U,0.462,193613,0.396,2hKfSFxrVENktJn23X0T1U,2.55e-05,2,0.102,-9.39,1,0.0286,98.0,4,https://api.spotify.com/v1/tracks/2hKfSFxrVENktJn23X0T1U,audio_features,spotify:track:2hKfSFxrVENktJn23X0T1U,0.0864
15,0.000511,https://api.spotify.com/v1/audio-analysis/2Jpm7obuQxAYilV0WyJJL4,0.681,234000,0.829,2Jpm7obuQxAYilV0WyJJL4,1.09e-05,2,0.112,-6.894,1,0.101,94.067,4,https://api.spotify.com/v1/tracks/2Jpm7obuQxAYilV0WyJJL4,audio_features,spotify:track:2Jpm7obuQxAYilV0WyJJL4,0.782
16,0.651,https://api.spotify.com/v1/audio-analysis/2pp0X2UDLlWY90oLj5ekwo,0.478,219187,0.367,2pp0X2UDLlWY90oLj5ekwo,0.0,3,0.123,-8.348,1,0.0282,76.572,4,https://api.spotify.com/v1/tracks/2pp0X2UDLlWY90oLj5ekwo,audio_features,spotify:track:2pp0X2UDLlWY90oLj5ekwo,0.634
17,0.838,https://api.spotify.com/v1/audio-analysis/24jAlnxlOaYUrufJfxD1ip,0.566,193773,0.255,24jAlnxlOaYUrufJfxD1ip,6.11e-05,0,0.0807,-13.723,1,0.0329,91.483,4,https://api.spotify.com/v1/tracks/24jAlnxlOaYUrufJfxD1ip,audio_features,spotify:track:24jAlnxlOaYUrufJfxD1ip,0.352
18,0.0575,https://api.spotify.com/v1/audio-analysis/5l6hpyTGBK0LAAxgPnqTQL,0.447,266773,0.592,5l6hpyTGBK0LAAxgPnqTQL,4.47e-06,6,0.13,-3.015,0,0.0319,78.039,4,https://api.spotify.com/v1/tracks/5l6hpyTGBK0LAAxgPnqTQL,audio_features,spotify:track:5l6hpyTGBK0LAAxgPnqTQL,0.283
19,0.26,https://api.spotify.com/v1/audio-analysis/5dNA5QkKtDmaKpSMVAHyZY,0.432,206973,0.856,5dNA5QkKtDmaKpSMVAHyZY,1.35e-05,2,0.384,-12.956,1,0.0383,118.469,4,https://api.spotify.com/v1/tracks/5dNA5QkKtDmaKpSMVAHyZY,audio_features,spotify:track:5dNA5QkKtDmaKpSMVAHyZY,0.831
20,0.306,https://api.spotify.com/v1/audio-analysis/1VMm5rgAijgUtzq8ZZWEKl,0.598,208199,0.76,1VMm5rgAijgUtzq8ZZWEKl,0.0,3,0.24,-3.263,1,0.0286,76.967,1,https://api.spotify.com/v1/tracks/1VMm5rgAijgUtzq8ZZWEKl,audio_features,spotify:track:1VMm5rgAijgUtzq8ZZWEKl,0.576
21,0.254,https://api.spotify.com/v1/audio-analysis/0ZUJJOh6eD2Vsp0DPIDn6m,0.714,161227,0.66,0ZUJJOh6eD2Vsp0DPIDn6m,0.0,2,0.0281,-9.215,1,0.0322,96.895,4,https://api.spotify.com/v1/tracks/0ZUJJOh6eD2Vsp0DPIDn6m,audio_features,spotify:track:0ZUJJOh6eD2Vsp0DPIDn6m,0.883
22,0.337,https://api.spotify.com/v1/audio-analysis/5RHf8SmHRWbF3oywpXaQ2i,0.527,179773,0.821,5RHf8SmHRWbF3oywpXaQ2i,1.68e-06,2,0.394,-7.19,1,0.047,166.139,4,https://api.spotify.com/v1/tracks/5RHf8SmHRWbF3oywpXaQ2i,audio_features,spotify:track:5RHf8SmHRWbF3oywpXaQ2i,0.835
23,0.233,https://api.spotify.com/v1/audio-analysis/0ZC66cWPMubiDpR127ZqSA,0.383,527533,0.424,0ZC66cWPMubiDpR127ZqSA,0.138,1,0.152,-11.549,0,0.0361,128.293,4,https://api.spotify.com/v1/tracks/0ZC66cWPMubiDpR127ZqSA,audio_features,spotify:track:0ZC66cWPMubiDpR127ZqSA,0.243
24,0.185,https://api.spotify.com/v1/audio-analysis/6MLwR1sv7arqmrwwlBBQSI,0.422,195067,0.524,6MLwR1sv7arqmrwwlBBQSI,0.0244,5,0.105,-6.716,1,0.0345,185.982,4,https://api.spotify.com/v1/tracks/6MLwR1sv7arqmrwwlBBQSI,audio_features,spotify:track:6MLwR1sv7arqmrwwlBBQSI,0.606
25,0.16,https://api.spotify.com/v1/audio-analysis/3LN41NUdHkyNqQhi9gExMm,0.84,188493,0.571,3LN41NUdHkyNqQhi9gExMm,0.0,10,0.406,-7.421,1,0.0797,116.59,4,https://api.spotify.com/v1/tracks/3LN41NUdHkyNqQhi9gExMm,audio_features,spotify:track:3LN41NUdHkyNqQhi9gExMm,0.617
26,0.716,https://api.spotify.com/v1/audio-analysis/2UMiwpFmpG3bI1dj55Il2n,0.603,280822,0.408,2UMiwpFmpG3bI1dj55Il2n,0.267,4,0.151,-13.526,1,0.0318,83.479,4,https://api.spotify.com/v1/tracks/2UMiwpFmpG3bI1dj55Il2n,audio_features,spotify:track:2UMiwpFmpG3bI1dj55Il2n,0.599
27,0.183,https://api.spotify.com/v1/audio-analysis/25s7McbRDxvpRphlIpJoKD,0.758,181440,0.754,25s7McbRDxvpRphlIpJoKD,0.23,7,0.169,-4.287,1,0.0467,120.955,4,https://api.spotify.com/v1/tracks/25s7McbRDxvpRphlIpJoKD,audio_features,spotify:track:25s7McbRDxvpRphlIpJoKD,0.608
28,0.112,https://api.spotify.com/v1/audio-analysis/13kmaAS77f3Ly94fmxPZ7j,0.565,107067,0.923,13kmaAS77f3Ly94fmxPZ7j,2.53e-05,0,0.161,-7.35,1,0.0907,106.739,4,https://api.spotify.com/v1/tracks/13kmaAS77f3Ly94fmxPZ7j,audio_features,spotify:track:13kmaAS77f3Ly94fmxPZ7j,0.684
29,0.45,https://api.spotify.com/v1/audio-analysis/0O6lxlaQZBtkRLknKKpKbB,0.585,216177,0.426,0O6lxlaQZBtkRLknKKpKbB,0.000129,2,0.187,-8.367,0,0.0472,75.925,4,https://api.spotify.com/v1/tracks/0O6lxlaQZBtkRLknKKpKbB,audio_features,spotify:track:0O6lxlaQZBtkRLknKKpKbB,0.312
30,0.279,https://api.spotify.com/v1/audio-analysis/2iTRea118VRKRUzrGjjlHP,0.439,249360,0.454,2iTRea118VRKRUzrGjjlHP,0.0,0,0.123,-8.669,1,0.0308,204.263,4,https://api.spotify.com/v1/tracks/2iTRea118VRKRUzrGjjlHP,audio_features,spotify:track:2iTRea118VRKRUzrGjjlHP,0.354
31,0.000745,https://api.spotify.com/v1/audio-analysis/3ubZmXKA2YikQd9EdKo5OR,0.809,268840,0.392,3ubZmXKA2YikQd9EdKo5OR,0.0872,9,0.0582,-16.61,0,0.059,133.332,4,https://api.spotify.com/v1/tracks/3ubZmXKA2YikQd9EdKo5OR,audio_features,spotify:track:3ubZmXKA2YikQd9EdKo5OR,0.962
32,0.0801,https://api.spotify.com/v1/audio-analysis/2tznHmp70DxMyr2XhWLOW0,0.635,208760,0.675,2tznHmp70DxMyr2XhWLOW0,0.0,2,0.0831,-3.445,1,0.0263,113.946,4,https://api.spotify.com/v1/tracks/2tznHmp70DxMyr2XhWLOW0,audio_features,spotify:track:2tznHmp70DxMyr2XhWLOW0,0.273
33,0.825,https://api.spotify.com/v1/audio-analysis/1OnaB4QOjUqfpMY5iEa2Pd,0.528,213427,0.508,1OnaB4QOjUqfpMY5iEa2Pd,0.0,9,0.0889,-6.801,1,0.0262,80.346,4,https://api.spotify.com/v1/tracks/1OnaB4QOjUqfpMY5iEa2Pd,audio_features,spotify:track:1OnaB4QOjUqfpMY5iEa2Pd,0.205
34,0.0017,https://api.spotify.com/v1/audio-analysis/08njkW4ml00OXR3LvTYSzV,0.473,172593,0.719,08njkW4ml00OXR3LvTYSzV,0.353,6,0.271,-6.735,0,0.0511,81.013,4,https://api.spotify.com/v1/tracks/08njkW4ml00OXR3LvTYSzV,audio_features,spotify:track:08njkW4ml00OXR3LvTYSzV,0.0583
35,0.00147,https://api.spotify.com/v1/audio-analysis/0quGJukpao2TNHd0gIn1pd,0.434,240040,0.912,0quGJukpao2TNHd0gIn1pd,0.0,11,0.355,-5.822,1,0.101,163.032,4,https://api.spotify.com/v1/tracks/0quGJukpao2TNHd0gIn1pd,audio_features,spotify:track:0quGJukpao2TNHd0gIn1pd,0.578
36,0.136,https://api.spotify.com/v1/audio-analysis/5aEuhJHFc192ULFYwMo4H4,0.705,192449,0.771,5aEuhJHFc192ULFYwMo4H4,0.000812,8,0.108,-5.662,1,0.0351,99.995,4,https://api.spotify.com/v1/tracks/5aEuhJHFc192ULFYwMo4H4,audio_features,spotify:track:5aEuhJHFc192ULFYwMo4H4,0.295
37,0.0108,https://api.spotify.com/v1/audio-analysis/19bnCzrtKoNITRpwcuZl46,0.873,207229,0.167,19bnCzrtKoNITRpwcuZl46,0.0,9,0.344,-16.776,1,0.509,132.117,4,https://api.spotify.com/v1/tracks/19bnCzrtKoNITRpwcuZl46,audio_features,spotify:track:19bnCzrtKoNITRpwcuZl46,0.18
38,0.908,https://api.spotify.com/v1/audio-analysis/65jrjEhWfAvysKfnojk1i0,0.747,161960,0.226,65jrjEhWfAvysKfnojk1i0,0.000168,7,0.107,-13.635,1,0.0415,123.789,4,https://api.spotify.com/v1/tracks/65jrjEhWfAvysKfnojk1i0,audio_features,spotify:track:65jrjEhWfAvysKfnojk1i0,0.778
39,0.00104,https://api.spotify.com/v1/audio-analysis/1hr58cC3N5WwL7CF4yDTxh,0.584,248467,0.938,1hr58cC3N5WwL7CF4yDTxh,1.39e-05,7,0.0796,-2.941,1,0.121,152.156,4,https://api.spotify.com/v1/tracks/1hr58cC3N5WwL7CF4yDTxh,audio_features,spotify:track:1hr58cC3N5WwL7CF4yDTxh,0.349
40,0.087,https://api.spotify.com/v1/audio-analysis/0bBVRsBbgnzW8wmdlD7Apq,0.641,227133,0.816,0bBVRsBbgnzW8wmdlD7Apq,0.0,1,0.116,-3.963,0,0.0285,139.185,4,https://api.spotify.com/v1/tracks/0bBVRsBbgnzW8wmdlD7Apq,audio_features,spotify:track:0bBVRsBbgnzW8wmdlD7Apq,0.553
41,0.973,https://api.spotify.com/v1/audio-analysis/73qWjGoGXAv0HSqNo2pVCU,0.22,170667,0.225,73qWjGoGXAv0HSqNo2pVCU,5.53e-05,3,0.0982,-10.607,1,0.0352,79.083,3,https://api.spotify.com/v1/tracks/73qWjGoGXAv0HSqNo2pVCU,audio_features,spotify:track:73qWjGoGXAv0HSqNo2pVCU,0.121
42,0.869,https://api.spotify.com/v1/audio-analysis/2JWlINNlc0zDHV355kuBX8,0.515,154347,0.258,2JWlINNlc0zDHV355kuBX8,0.0,9,0.113,-9.168,1,0.0298,171.942,4,https://api.spotify.com/v1/tracks/2JWlINNlc0zDHV355kuBX8,audio_features,spotify:track:2JWlINNlc0zDHV355kuBX8,0.806
43,0.156,https://api.spotify.com/v1/audio-analysis/0nRuVPZx2iA3KWR4xSzryl,0.368,237464,0.788,0nRuVPZx2iA3KWR4xSzryl,0.000134,6,0.127,-6.894,1,0.0753,173.736,4,https://api.spotify.com/v1/tracks/0nRuVPZx2iA3KWR4xSzryl,audio_features,spotify:track:0nRuVPZx2iA3KWR4xSzryl,0.312
44,0.000255,https://api.spotify.com/v1/audio-analysis/5K02evjaRS8jRvCjp1jNPT,0.396,259893,0.824,5K02evjaRS8jRvCjp1jNPT,1.18e-05,11,0.32,-6.005,1,0.0455,174.997,3,https://api.spotify.com/v1/tracks/5K02evjaRS8jRvCjp1jNPT,audio_features,spotify:track:5K02evjaRS8jRvCjp1jNPT,0.666
45,0.284,https://api.spotify.com/v1/audio-analysis/00f5cJ88kjiyCLJebRHgAY,0.56,233800,0.392,00f5cJ88kjiyCLJebRHgAY,0.0,9,0.074,-13.1,1,0.0296,172.327,4,https://api.spotify.com/v1/tracks/00f5cJ88kjiyCLJebRHgAY,audio_features,spotify:track:00f5cJ88kjiyCLJebRHgAY,0.652
46,0.133,https://api.spotify.com/v1/audio-analysis/1Xn0M62M3BA8QyIzIxqULJ,0.734,417560,0.535,1Xn0M62M3BA8QyIzIxqULJ,0.894,11,0.107,-15.408,1,0.037,99.058,4,https://api.spotify.com/v1/tracks/1Xn0M62M3BA8QyIzIxqULJ,audio_features,spotify:track:1Xn0M62M3BA8QyIzIxqULJ,0.447
47,0.777,https://api.spotify.com/v1/audio-analysis/1jEDrtY0bsHseV89nOUJDG,0.688,180747,0.407,1jEDrtY0bsHseV89nOUJDG,0.0,0,0.75,-6.218,1,0.304,121.59,4,https://api.spotify.com/v1/tracks/1jEDrtY0bsHseV89nOUJDG,audio_features,spotify:track:1jEDrtY0bsHseV89nOUJDG,0.616
48,0.939,https://api.spotify.com/v1/audio-analysis/6F9z8Xe7EKyCSGexzi87ii,0.629,181640,0.333,6F9z8Xe7EKyCSGexzi87ii,0.198,5,0.137,-13.424,1,0.029,79.099,3,https://api.spotify.com/v1/tracks/6F9z8Xe7EKyCSGexzi87ii,audio_features,spotify:track:6F9z8Xe7EKyCSGexzi87ii,0.18
49,0.0578,https://api.spotify.com/v1/audio-analysis/2y5aJvzXhHPA94U5GFAcXe,0.737,245653,0.452,2y5aJvzXhHPA94U5GFAcXe,1.48e-05,0,0.187,-8.366,1,0.0534,117.962,4,https://api.spotify.com/v1/tracks/2y5aJvzXhHPA94U5GFAcXe,audio_features,spotify:track:2y5aJvzXhHPA94U5GFAcXe,0.096
50,0.143,https://api.spotify.com/v1/audio-analysis/0S85y4OL3gx1LLlMVqUiPF,0.537,305120,0.621,0S85y4OL3gx1LLlMVqUiPF,1.61e-06,4,0.0962,-8.606,1,0.0408,147.477,4,https://api.spotify.com/v1/tracks/0S85y4OL3gx1LLlMVqUiPF,audio_features,spotify:track:0S85y4OL3gx1LLlMVqUiPF,0.777
51,0.02,https://api.spotify.com/v1/audio-analysis/0gRczqVHrEQQDyizJUtgRc,0.761,185200,0.856,0gRczqVHrEQQDyizJUtgRc,0.0,0,0.149,-3.65,0,0.0731,106.009,4,https://api.spotify.com/v1/tracks/0gRczqVHrEQQDyizJUtgRc,audio_features,spotify:track:0gRczqVHrEQQDyizJUtgRc,0.967
52,0.107,https://api.spotify.com/v1/audio-analysis/7lrP7A0hqszb0CjsiWQ9Vv,0.753,205133,0.753,7lrP7A0hqszb0CjsiWQ9Vv,3.84e-05,9,0.194,-6.305,1,0.0362,109.982,4,https://api.spotify.com/v1/tracks/7lrP7A0hqszb0CjsiWQ9Vv,audio_features,spotify:track:7lrP7A0hqszb0CjsiWQ9Vv,0.689
53,0.277,https://api.spotify.com/v1/audio-analysis/4zEwll8ScOot2wRB1PLrN8,0.385,221733,0.407,4zEwll8ScOot2wRB1PLrN8,0.0,6,0.163,-14.263,0,0.0416,132.408,4,https://api.spotify.com/v1/tracks/4zEwll8ScOot2wRB1PLrN8,audio_features,spotify:track:4zEwll8ScOot2wRB1PLrN8,0.407
54,0.246,https://api.spotify.com/v1/audio-analysis/2SWBfqj1FrS8t8z56G55rP,0.621,193840,0.708,2SWBfqj1FrS8t8z56G55rP,2e-06,6,0.143,-9.057,1,0.0259,110.533,3,https://api.spotify.com/v1/tracks/2SWBfqj1FrS8t8z56G55rP,audio_features,spotify:track:2SWBfqj1FrS8t8z56G55rP,0.624
55,0.103,https://api.spotify.com/v1/audio-analysis/0Ta3jOf8m9yCSWMVwd8Qlf,0.699,228653,0.837,0Ta3jOf8m9yCSWMVwd8Qlf,0.0,2,0.231,-5.173,1,0.0428,95.493,4,https://api.spotify.com/v1/tracks/0Ta3jOf8m9yCSWMVwd8Qlf,audio_features,spotify:track:0Ta3jOf8m9yCSWMVwd8Qlf,0.348
56,0.00388,https://api.spotify.com/v1/audio-analysis/0Vlylx4chMCF5WCdSl6bf4,0.777,298040,0.624,0Vlylx4chMCF5WCdSl6bf4,0.00377,7,0.152,-5.018,1,0.0388,98.378,4,https://api.spotify.com/v1/tracks/0Vlylx4chMCF5WCdSl6bf4,audio_features,spotify:track:0Vlylx4chMCF5WCdSl6bf4,0.64
57,0.0993,https://api.spotify.com/v1/audio-analysis/4Wcb05INcFfJ9bDeD4rtW7,0.91,90627,0.662,4Wcb05INcFfJ9bDeD4rtW7,0.0,6,0.163,-8.777,0,0.114,94.445,4,https://api.spotify.com/v1/tracks/4Wcb05INcFfJ9bDeD4rtW7,audio_features,spotify:track:4Wcb05INcFfJ9bDeD4rtW7,0.887
58,0.00746,https://api.spotify.com/v1/audio-analysis/4dPnNj2aEDgLQYUv8ilYnt,0.61,148613,0.808,4dPnNj2aEDgLQYUv8ilYnt,0.00111,7,0.109,-5.392,1,0.0267,115.113,4,https://api.spotify.com/v1/tracks/4dPnNj2aEDgLQYUv8ilYnt,audio_features,spotify:track:4dPnNj2aEDgLQYUv8ilYnt,0.565
59,9.87e-05,https://api.spotify.com/v1/audio-analysis/1L82mjibDdF0YAv9FWp00s,0.521,246209,0.986,1L82mjibDdF0YAv9FWp00s,0.0,1,0.191,-4.164,0,0.145,75.003,4,https://api.spotify.com/v1/tracks/1L82mjibDdF0YAv9FWp00s,audio_features,spotify:track:1L82mjibDdF0YAv9FWp00s,0.167
60,0.804,https://api.spotify.com/v1/audio-analysis/13HVjjWUZFaWilh2QUJKsP,0.568,260533,0.293,13HVjjWUZFaWilh2QUJKsP,1.26e-05,1,0.107,-10.253,1,0.0313,147.175,4,https://api.spotify.com/v1/tracks/13HVjjWUZFaWilh2QUJKsP,audio_features,spotify:track:13HVjjWUZFaWilh2QUJKsP,0.247
61,0.0498,https://api.spotify.com/v1/audio-analysis/6RUKPb4LETWmmr3iAEQktW,0.617,247160,0.635,6RUKPb4LETWmmr3iAEQktW,1.44e-05,11,0.164,-6.769,0,0.0317,103.019,4,https://api.spotify.com/v1/tracks/6RUKPb4LETWmmr3iAEQktW,audio_features,spotify:track:6RUKPb4LETWmmr3iAEQktW,0.446
62,0.00203,https://api.spotify.com/v1/audio-analysis/2twKCMni5Nct5KTRlf0YG3,0.611,173987,0.983,2twKCMni5Nct5KTRlf0YG3,6.79e-06,7,0.281,-4.271,1,0.0343,114.91,4,https://api.spotify.com/v1/tracks/2twKCMni5Nct5KTRlf0YG3,audio_features,spotify:track:2twKCMni5Nct5KTRlf0YG3,0.805
63,0.828,https://api.spotify.com/v1/audio-analysis/4t03qcATBoSFWGDDCo29v3,0.656,234213,0.324,4t03qcATBoSFWGDDCo29v3,0.0,11,0.114,-9.756,0,0.0413,144.823,3,https://api.spotify.com/v1/tracks/4t03qcATBoSFWGDDCo29v3,audio_features,spotify:track:4t03qcATBoSFWGDDCo29v3,0.506
64,0.242,https://api.spotify.com/v1/audio-analysis/2ad9SfzUkSrn7Ty3Ii01nO,0.513,128920,0.809,2ad9SfzUkSrn7Ty3Ii01nO,0.0,0,0.0427,-5.278,1,0.0638,144.427,4,https://api.spotify.com/v1/tracks/2ad9SfzUkSrn7Ty3Ii01nO,audio_features,spotify:track:2ad9SfzUkSrn7Ty3Ii01nO,0.915
65,0.0236,https://api.spotify.com/v1/audio-analysis/52LjL3x9tNh6C4eI6SMceX,0.47,145120,0.564,52LjL3x9tNh6C4eI6SMceX,3.89e-06,1,0.103,-9.241,0,0.216,122.111,4,https://api.spotify.com/v1/tracks/52LjL3x9tNh6C4eI6SMceX,audio_features,spotify:track:52LjL3x9tNh6C4eI6SMceX,0.408
66,0.28,https://api.spotify.com/v1/audio-analysis/6UOUc0T9udUNK7dfAN3IAE,0.805,298067,0.823,6UOUc0T9udUNK7dfAN3IAE,0.0,0,0.699,-3.37,1,0.257,100.031,4,https://api.spotify.com/v1/tracks/6UOUc0T9udUNK7dfAN3IAE,audio_features,spotify:track:6UOUc0T9udUNK7dfAN3IAE,0.871
67,0.302,https://api.spotify.com/v1/audio-analysis/5rXSXFrWWyjGHprQNzWGic,0.524,134799,0.677,5rXSXFrWWyjGHprQNzWGic,0.0384,11,0.743,-8.822,1,0.0375,128.186,4,https://api.spotify.com/v1/tracks/5rXSXFrWWyjGHprQNzWGic,audio_features,spotify:track:5rXSXFrWWyjGHprQNzWGic,0.502
68,0.0015,https://api.spotify.com/v1/audio-analysis/0U5HdkbYbpAs3BqzgeHyrR,0.376,677333,0.652,0U5HdkbYbpAs3BqzgeHyrR,0.13,6,0.153,-8.491,1,0.0319,147.743,4,https://api.spotify.com/v1/tracks/0U5HdkbYbpAs3BqzgeHyrR,audio_features,spotify:track:0U5HdkbYbpAs3BqzgeHyrR,0.153
69,0.118,https://api.spotify.com/v1/audio-analysis/0odHj0qIf86vHBsXB30IkZ,0.628,249288,0.629,0odHj0qIf86vHBsXB30IkZ,0.0,6,0.102,-4.829,0,0.0485,157.99,4,https://api.spotify.com/v1/tracks/0odHj0qIf86vHBsXB30IkZ,audio_features,spotify:track:0odHj0qIf86vHBsXB30IkZ,0.3
70,0.00105,https://api.spotify.com/v1/audio-analysis/0ZMwMdO0syC05PUphm3jCE,0.658,200027,0.844,0ZMwMdO0syC05PUphm3jCE,0.0224,9,0.153,-7.897,0,0.0671,155.537,4,https://api.spotify.com/v1/tracks/0ZMwMdO0syC05PUphm3jCE,audio_features,spotify:track:0ZMwMdO0syC05PUphm3jCE,0.849
71,0.473,https://api.spotify.com/v1/audio-analysis/6otHtIfiwZI0ekGkLKIT6o,0.562,284213,0.314,6otHtIfiwZI0ekGkLKIT6o,0.000362,6,0.155,-13.613,1,0.0328,124.703,4,https://api.spotify.com/v1/tracks/6otHtIfiwZI0ekGkLKIT6o,audio_features,spotify:track:6otHtIfiwZI0ekGkLKIT6o,0.122
72,0.0612,https://api.spotify.com/v1/audio-analysis/292hQrFkBjVmbHRqGVqBta,0.514,226813,0.798,292hQrFkBjVmbHRqGVqBta,0.0,2,0.104,-3.669,1,0.0494,145.995,4,https://api.spotify.com/v1/tracks/292hQrFkBjVmbHRqGVqBta,audio_features,spotify:track:292hQrFkBjVmbHRqGVqBta,0.677
73,0.354,https://api.spotify.com/v1/audio-analysis/5MrckUoFffpNnzw0NTglQA,0.567,262933,0.55,5MrckUoFffpNnzw0NTglQA,0.0,11,0.102,-6.364,1,0.0256,129.3,4,https://api.spotify.com/v1/tracks/5MrckUoFffpNnzw0NTglQA,audio_features,spotify:track:5MrckUoFffpNnzw0NTglQA,0.334
74,0.411,https://api.spotify.com/v1/audio-analysis/4Tulf6yVo59f2ofSi3YUqW,0.787,210862,0.586,4Tulf6yVo59f2ofSi3YUqW,0.000311,10,0.118,-9.64,1,0.0695,140.036,4,https://api.spotify.com/v1/tracks/4Tulf6yVo59f2ofSi3YUqW,audio_features,spotify:track:4Tulf6yVo59f2ofSi3YUqW,0.581
75,0.128,https://api.spotify.com/v1/audio-analysis/4pjsFGDAEZXtDj9xy1IXuM,0.789,200160,0.368,4pjsFGDAEZXtDj9xy1IXuM,0.0,1,0.386,-17.36,1,0.41,116.984,4,https://api.spotify.com/v1/tracks/4pjsFGDAEZXtDj9xy1IXuM,audio_features,spotify:track:4pjsFGDAEZXtDj9xy1IXuM,0.763
76,0.946,https://api.spotify.com/v1/audio-analysis/1Vl8KL9wKJquggNpfADnkT,0.212,102960,0.0401,1Vl8KL9wKJquggNpfADnkT,0.00235,5,0.0705,-17.659,0,0.0441,171.367,3,https://api.spotify.com/v1/tracks/1Vl8KL9wKJquggNpfADnkT,audio_features,spotify:track:1Vl8KL9wKJquggNpfADnkT,0.122
77,0.0711,https://api.spotify.com/v1/audio-analysis/3sNO3o0ZM0PzPVhdq5K7VU,0.493,150947,0.78,3sNO3o0ZM0PzPVhdq5K7VU,0.067,0,0.0957,-6.877,1,0.0272,105.953,4,https://api.spotify.com/v1/tracks/3sNO3o0ZM0PzPVhdq5K7VU,audio_features,spotify:track:3sNO3o0ZM0PzPVhdq5K7VU,0.223
78,0.149,https://api.spotify.com/v1/audio-analysis/41oqThgUF4yiNz77TazXtl,0.543,205893,0.549,41oqThgUF4yiNz77TazXtl,0.082,0,0.114,-6.497,1,0.0306,80.079,4,https://api.spotify.com/v1/tracks/41oqThgUF4yiNz77TazXtl,audio_features,spotify:track:41oqThgUF4yiNz77TazXtl,0.404
79,0.196,https://api.spotify.com/v1/audio-analysis/36GPL4a7IHf0C6DdBpoifS,0.587,185360,0.844,36GPL4a7IHf0C6DdBpoifS,0.0,8,0.178,-7.061,1,0.0984,94.014,4,https://api.spotify.com/v1/tracks/36GPL4a7IHf0C6DdBpoifS,audio_features,spotify:track:36GPL4a7IHf0C6DdBpoifS,0.652
80,0.107,https://api.spotify.com/v1/audio-analysis/2WBzF0a3DDzqjNF8V3ApAw,0.722,172813,0.757,2WBzF0a3DDzqjNF8V3ApAw,2.06e-05,9,0.217,-7.918,0,0.0636,113.991,4,https://api.spotify.com/v1/tracks/2WBzF0a3DDzqjNF8V3ApAw,audio_features,spotify:track:2WBzF0a3DDzqjNF8V3ApAw,0.483
81,0.0239,https://api.spotify.com/v1/audio-analysis/1yF0uTFxZUifMWW7Ni4TWE,0.656,239178,0.891,1yF0uTFxZUifMWW7Ni4TWE,3.72e-06,6,0.152,-6.047,1,0.0823,80.98,4,https://api.spotify.com/v1/tracks/1yF0uTFxZUifMWW7Ni4TWE,audio_features,spotify:track:1yF0uTFxZUifMWW7Ni4TWE,0.434
82,0.473,https://api.spotify.com/v1/audio-analysis/7ou8MX6MmTHW2a84FJPI3r,0.617,184939,0.575,7ou8MX6MmTHW2a84FJPI3r,0.0,10,0.168,-4.993,0,0.0864,174.027,4,https://api.spotify.com/v1/tracks/7ou8MX6MmTHW2a84FJPI3r,audio_features,spotify:track:7ou8MX6MmTHW2a84FJPI3r,0.571
83,0.354,https://api.spotify.com/v1/audio-analysis/73hmUGQvCNlhDWzNPRvcx3,0.743,252865,0.377,73hmUGQvCNlhDWzNPRvcx3,0.0,8,0.187,-12.409,0,0.0376,112.366,3,https://api.spotify.com/v1/tracks/73hmUGQvCNlhDWzNPRvcx3,audio_features,spotify:track:73hmUGQvCNlhDWzNPRvcx3,0.556
84,0.601,https://api.spotify.com/v1/audio-analysis/7fdaDrzrokQ7OlfGuw7doD,0.729,227018,0.806,7fdaDrzrokQ7OlfGuw7doD,0.0,7,0.359,-3.106,1,0.0276,120.096,4,https://api.spotify.com/v1/tracks/7fdaDrzrokQ7OlfGuw7doD,audio_features,spotify:track:7fdaDrzrokQ7OlfGuw7doD,0.639
85,0.0512,https://api.spotify.com/v1/audio-analysis/2LesjfnNo5Pa6YMsycC2bc,0.742,203684,0.716,2LesjfnNo5Pa6YMsycC2bc,0.0,9,0.22,-6.654,1,0.039,105.004,4,https://api.spotify.com/v1/tracks/2LesjfnNo5Pa6YMsycC2bc,audio_features,spotify:track:2LesjfnNo5Pa6YMsycC2bc,0.887
86,0.337,https://api.spotify.com/v1/audio-analysis/7EiZI6JVHllARrX9PUvAdX,0.722,313547,0.331,7EiZI6JVHllARrX9PUvAdX,0.283,8,0.146,-7.789,1,0.0725,143.974,4,https://api.spotify.com/v1/tracks/7EiZI6JVHllARrX9PUvAdX,audio_features,spotify:track:7EiZI6JVHllARrX9PUvAdX,0.102
87,0.0868,https://api.spotify.com/v1/audio-analysis/3zo93Swpm7wIkLJEFc1DIL,0.581,230200,0.579,3zo93Swpm7wIkLJEFc1DIL,0.0,9,0.312,-5.866,1,0.036,60.991,4,https://api.spotify.com/v1/tracks/3zo93Swpm7wIkLJEFc1DIL,audio_features,spotify:track:3zo93Swpm7wIkLJEFc1DIL,0.852
88,0.00559,https://api.spotify.com/v1/audio-analysis/7FpoD2ZlcBSj05rEHSZoiB,0.691,208493,0.749,7FpoD2ZlcBSj05rEHSZoiB,0.0,9,0.0762,-4.567,1,0.0274,140.014,4,https://api.spotify.com/v1/tracks/7FpoD2ZlcBSj05rEHSZoiB,audio_features,spotify:track:7FpoD2ZlcBSj05rEHSZoiB,0.473
89,0.0761,https://api.spotify.com/v1/audio-analysis/1OIua5mzl56rmoP9UXvoeP,0.61,300416,0.824,1OIua5mzl56rmoP9UXvoeP,0.0,11,0.132,-5.579,0,0.262,79.431,4,https://api.spotify.com/v1/tracks/1OIua5mzl56rmoP9UXvoeP,audio_features,spotify:track:1OIua5mzl56rmoP9UXvoeP,0.811
90,0.522,https://api.spotify.com/v1/audio-analysis/3ultAMxuMWHAF6a5oOyWpo,0.564,271680,0.372,3ultAMxuMWHAF6a5oOyWpo,0.0,2,0.0721,-7.135,1,0.0388,113.579,4,https://api.spotify.com/v1/tracks/3ultAMxuMWHAF6a5oOyWpo,audio_features,spotify:track:3ultAMxuMWHAF6a5oOyWpo,0.204
91,0.805,https://api.spotify.com/v1/audio-analysis/21Ygx5God9fR59DdBPVbDs,0.489,173160,0.0359,21Ygx5God9fR59DdBPVbDs,0.0,7,0.181,-23.935,1,0.0418,134.254,4,https://api.spotify.com/v1/tracks/21Ygx5God9fR59DdBPVbDs,audio_features,spotify:track:21Ygx5God9fR59DdBPVbDs,0.358
92,0.273,https://api.spotify.com/v1/audio-analysis/6Uc4EHr3ktYmLfLDY7LifJ,0.621,206373,0.54,6Uc4EHr3ktYmLfLDY7LifJ,0.0,6,0.347,-5.958,1,0.0477,134.832,4,https://api.spotify.com/v1/tracks/6Uc4EHr3ktYmLfLDY7LifJ,audio_features,spotify:track:6Uc4EHr3ktYmLfLDY7LifJ,0.418
93,0.000556,https://api.spotify.com/v1/audio-analysis/3ZklrEB5ALSoSnhBHINO9S,0.323,190160,0.895,3ZklrEB5ALSoSnhBHINO9S,0.366,0,0.764,-4.305,1,0.0531,72.282,4,https://api.spotify.com/v1/tracks/3ZklrEB5ALSoSnhBHINO9S,audio_features,spotify:track:3ZklrEB5ALSoSnhBHINO9S,0.276
94,0.101,https://api.spotify.com/v1/audio-analysis/1DylszI7qE7CB0yNugUxV6,0.751,285627,0.732,1DylszI7qE7CB0yNugUxV6,4.46e-05,5,0.119,-7.616,0,0.0517,100.02,4,https://api.spotify.com/v1/tracks/1DylszI7qE7CB0yNugUxV6,audio_features,spotify:track:1DylszI7qE7CB0yNugUxV6,0.675
95,0.173,https://api.spotify.com/v1/audio-analysis/48rH5LXC8MqBAuMdUSKc4g,0.485,197200,0.778,48rH5LXC8MqBAuMdUSKc4g,2.1e-06,11,0.233,-12.385,0,0.0547,165.2,4,https://api.spotify.com/v1/tracks/48rH5LXC8MqBAuMdUSKc4g,audio_features,spotify:track:48rH5LXC8MqBAuMdUSKc4g,0.785
96,0.203,https://api.spotify.com/v1/audio-analysis/3ZHUCxF4MAqNqxRp5WGjmd,0.576,175800,0.636,3ZHUCxF4MAqNqxRp5WGjmd,0.0,0,0.865,-7.613,1,0.0276,107.897,4,https://api.spotify.com/v1/tracks/3ZHUCxF4MAqNqxRp5WGjmd,audio_features,spotify:track:3ZHUCxF4MAqNqxRp5WGjmd,0.596
97,0.268,https://api.spotify.com/v1/audio-analysis/2gbVPiWjuoZQncypktAwvK,0.532,202840,0.473,2gbVPiWjuoZQncypktAwvK,0.0,7,0.109,-8.602,1,0.0577,75.191,4,https://api.spotify.com/v1/tracks/2gbVPiWjuoZQncypktAwvK,audio_features,spotify:track:2gbVPiWjuoZQncypktAwvK,0.51
